Date;Open;High;Low;Close;Volume;Dividends;Stock Splits
2022-01-03 00:00:00-03:00;13.797178693078163;14.125912368791663;13.79234425227829;14.063066482543945;52704700;0.0;0.0
2022-01-04 00:00:00-03:00;14.09690941013287;14.21293324585335;13.976051132664601;14.116247177124023;51739200;0.0;0.0
2022-01-05 00:00:00-03:00;14.111411767871699;14.150086377126922;13.507120421961687;13.569966316223145;78459800;0.0;0.0
2022-01-06 00:00:00-03:00;13.67632368223581;13.850358981921884;13.458778405033817;13.560298919677734;61163100;0.0;0.0
2022-01-07 00:00:00-03:00;13.58930398218965;13.676322082894345;13.449107948370884;13.623144149780273;47507600;0.0;0.0
2022-01-10 00:00:00-03:00;13.531291429255429;13.65214969595697;13.40076427991967;13.540960311889648;37455200;0.0;0.0
2022-01-11 00:00:00-03:00;13.584467968013794;14.053397662760306;13.463609713711314;13.942208290100098;73623800;0.0;0.0
2022-01-12 00:00:00-03:00;13.995389112739053;14.459484462686943;13.995389112739053;14.367631912231445;81378200;0.0;0.0
2022-01-13 00:00:00-03:00;14.275776557424892;14.80755210991117;14.261273235746533;14.65768814086914;76717500;0.0;0.0
2022-01-14 00:00:00-03:00;14.63835140756434;15.276482812866337;14.619013645185364;15.203968048095703;96458800;0.0;0.0
2022-01-17 00:00:00-03:00;15.179797342353206;15.378004815911222;15.107282570430211;15.228140830993652;35675900;0.0;0.0
2022-01-18 00:00:00-03:00;15.257145632049193;15.460187534391542;14.9719200806141;15.295820236206055;78198800;0.0;0.0
2022-01-19 00:00:00-03:00;15.421515098995783;15.571379095919912;15.199136324339042;15.223307609558105;77480200;0.0;0.0
2022-01-20 00:00:00-03:00;15.228141555697798;15.469858088327921;15.039602955310428;15.33449649810791;85353100;0.0;0.0
2022-01-21 00:00:00-03:00;15.261982295495123;15.411846293168878;15.242645451638234;15.35866928100586;61345400;0.0;0.0
2022-01-24 00:00:00-03:00;15.319992690574086;15.590714924098272;15.005761411402672;15.445685386657715;79117100;0.0;0.0
2022-01-25 00:00:00-03:00;15.324829534230197;16.06448158205339;15.266817156912959;15.948458671569824;98358500;0.0;0.0
2022-01-26 00:00:00-03:00;16.098321761246382;16.56725245546399;16.098321761246382;16.373878479003906;98679900;0.0;0.0
2022-01-27 00:00:00-03:00;16.557585262928676;16.746123894946024;16.035476579664234;16.37871551513672;90631000;0.0;0.0
2022-01-28 00:00:00-03:00;16.34003705248146;16.60592486654247;15.576213776952514;15.730912208557129;117400500;0.0;0.0
2022-01-31 00:00:00-03:00;15.711572848693416;15.95328935405793;15.503696506547886;15.639057159423828;62450300;0.0;0.0
2022-02-01 00:00:00-03:00;15.639059648361581;16.107990333526686;15.445687519785375;15.953291893005371;57315200;0.0;0.0
2022-02-02 00:00:00-03:00;16.151498021290077;16.19017355022994;15.643893690934084;15.721242904663086;36271700;0.0;0.0
2022-02-03 00:00:00-03:00;15.639059017961154;15.914615719291662;15.286154021563286;15.503698348999023;51087800;0.0;0.0
2022-02-04 00:00:00-03:00;15.668064878438026;16.064479826888917;15.411845033233627;15.774420738220215;59346800;0.0;0.0
2022-02-07 00:00:00-03:00;15.735743844161693;15.84693321330873;15.53270286854116;15.54237174987793;48868100;0.0;0.0
2022-02-08 00:00:00-03:00;15.421517365799001;15.445689576646554;15.11212044355481;15.387677192687988;62590000;0.0;0.0
2022-02-09 00:00:00-03:00;15.344163972789074;15.803424789401047;15.300654927141846;15.445685386657715;50960500;0.0;0.0
2022-02-10 00:00:00-03:00;15.614889163106197;15.904950137063091;15.44085386963774;15.68256950378418;49534600;0.0;0.0
2022-02-11 00:00:00-03:00;15.842100132021045;16.393213474376058;15.774419804945952;16.320697784423828;88013400;0.0;0.0
2022-02-14 00:00:00-03:00;16.369044643462985;16.407718331517874;15.86627378969327;15.953291893005371;55687000;0.0;0.0
2022-02-15 00:00:00-03:00;15.788924306084331;15.798593188974502;15.416680613491533;15.701906204223633;65689000;0.0;0.0
2022-02-16 00:00:00-03:00;15.87111009326689;16.291696388084166;15.842103442394633;15.919452667236328;65811600;0.0;0.0
2022-02-17 00:00:00-03:00;15.880775861160155;16.093487595556144;15.735746306713423;15.85660457611084;43255200;0.0;0.0
2022-02-18 00:00:00-03:00;15.745415517776564;15.99680094466142;15.60038596030669;15.953291893005371;60304700;0.0;0.0
2022-02-21 00:00:00-03:00;15.977462145146742;16.436723917555653;15.953290861156958;16.364208221435547;51263800;0.0;0.0
2022-02-22 00:00:00-03:00;16.54308091053118;16.765459689074223;16.054812457479187;16.311033248901367;80206700;0.0;0.0
2022-02-23 00:00:00-03:00;16.52374351695974;16.72678453390772;16.340038422470432;16.543081283569336;86530100;0.0;0.0
2022-02-24 00:00:00-03:00;16.823469033846987;17.06035202939143;15.798591529126542;16.141828536987305;139674100;0.0;0.0
2022-02-25 00:00:00-03:00;16.170834023794775;16.436721801757812;15.90494624583174;16.436721801757812;86189100;0.0;0.0
2022-03-02 00:00:00-03:00;17.045847581911612;17.060351826626047;16.62526136820561;16.760622024536133;58071800;0.0;0.0
2022-03-03 00:00:00-03:00;16.833139863994464;16.886317798382784;16.514074101815424;16.552749633789062;69237400;0.0;0.0
2022-03-04 00:00:00-03:00;16.47540064775176;16.765459765066037;16.349707011204917;16.547914505004883;55418000;0.0;0.0
2022-03-07 00:00:00-03:00;16.678441510792894;16.726784081859478;15.290988144616641;15.37317180633545;110954100;0.0;0.0
2022-03-08 00:00:00-03:00;15.469860012593438;15.938790734353503;15.232977891799662;15.692238807678223;111633500;0.0;0.0
2022-03-09 00:00:00-03:00;15.759917433806322;15.866273299938348;15.344165618257438;15.740581512451172;87779300;0.0;0.0
2022-03-10 00:00:00-03:00;15.759917163717423;16.726783292636302;15.721243477519078;16.29169464111328;136437700;0.0;0.0
2022-03-11 00:00:00-03:00;16.39321341988243;16.620427526436888;15.503696600958246;15.70673942565918;92153700;0.0;0.0
2022-03-14 00:00:00-03:00;15.677732299593988;15.90011103645973;15.237808344424568;15.407010078430176;52274100;0.0;0.0
2022-03-15 00:00:00-03:00;15.054105902058685;15.247479872822726;14.730205699726975;15.034769058227539;66272000;0.0;0.0
2022-03-16 00:00:00-03:00;15.228140782374243;15.247478546598822;14.681861852084765;14.904240608215332;72034900;0.0;0.0
2022-03-17 00:00:00-03:00;15.107282719084667;15.179797491721201;14.261274886815926;14.50782585144043;178319300;0.0;0.0
2022-03-18 00:00:00-03:00;14.54650236345671;14.899408312696123;14.43531296937999;14.797887802124023;93097100;0.0;0.0
2022-03-21 00:00:00-03:00;14.942914937157688;15.513366062136846;14.812387797291203;15.353833198547363;67700800;0.0;0.0
2022-03-22 00:00:00-03:00;15.465022544695062;15.518199551072017;15.155625700046125;15.286152839660645;56128600;0.0;0.0
2022-03-23 00:00:00-03:00;15.436017594862754;15.697071887178904;15.319993772302926;15.49402904510498;52956100;0.0;0.0
2022-03-24 00:00:00-03:00;15.49403235502615;15.759920223266779;15.310328160581355;15.67290210723877;49402800;0.0;0.0
2022-03-25 00:00:00-03:00;15.542372436869359;15.735744539700399;15.431182140732302;15.614886283874512;51780100;0.0;0.0
2022-03-28 00:00:00-03:00;15.498865138385657;15.508534021239896;14.97675652916173;15.276485443115234;68610500;0.0;0.0
2022-03-29 00:00:00-03:00;15.532703555105211;15.837265031997992;15.431182140732302;15.614886283874512;93809000;0.0;0.0
2022-03-30 00:00:00-03:00;15.711575642760268;15.948458671569824;15.653564187518485;15.948458671569824;69648400;0.0;0.0
2022-03-31 00:00:00-03:00;15.745415762229868;16.228848857402173;15.71157559309988;16.17083740234375;94269500;0.0;0.0
2022-04-01 00:00:00-03:00;16.219180388777275;16.335205146010722;15.909783495022687;15.958126068115234;72545400;0.0;0.0
2022-04-04 00:00:00-03:00;15.904949814369502;15.904949814369502;15.59071755999603;15.808262825012207;56053000;0.0;0.0
2022-04-05 00:00:00-03:00;15.788922908448697;15.982296860832973;15.658395767211914;15.658395767211914;45847200;0.0;0.0
2022-04-06 00:00:00-03:00;15.759919019311793;15.846937128692186;15.489197651595909;15.643896102905273;56947100;0.0;0.0
2022-04-07 00:00:00-03:00;15.779253445277847;16.465729291224083;15.711573117681166;16.4560604095459;118469400;0.0;0.0
2022-04-08 00:00:00-03:00;16.470563915297934;16.63493122655625;16.36420805385116;16.538244247436523;60772700;0.0;0.0
2022-04-11 00:00:00-03:00;16.388382501542623;16.485067644297914;16.330369202908383;16.412553787231445;48125400;0.0;0.0
2022-04-12 00:00:00-03:00;16.630097877775437;16.76545854343883;16.340036937445763;16.364208221435547;68522800;0.0;0.0
2022-04-13 00:00:00-03:00;16.61559329528731;16.823469652857465;16.485066151407167;16.7122802734375;101438800;0.0;0.0
2022-04-14 00:00:00-03:00;16.712413997460924;16.960984345830564;16.47970921912216;16.537885665893555;119382100;2.970249;0.0
2022-04-18 00:00:00-03:00;16.479710255621328;16.601351007660515;16.114786990756873;16.247005462646484;76350600;0.0;0.0
2022-04-19 00:00:00-03:00;16.479709202001565;16.923963319847303;16.458554772400102;16.73885726928711;88494100;0.0;0.0
2022-04-20 00:00:00-03:00;16.738856839348244;16.897519596644642;16.569617371896193;16.818187713623047;34694700;0.0;0.0
2022-04-22 00:00:00-03:00;16.421532089989558;16.553750548069175;16.03545443449631;16.162384033203125;74560900;0.0;0.0
2022-04-25 00:00:00-03:00;15.850349671742116;16.098921038608;15.62293475282311;15.924392700195312;66413900;0.0;0.0
2022-04-26 00:00:00-03:00;15.924392563849286;16.172962919840028;15.808039666739143;15.897948265075684;48764100;0.0;0.0
2022-04-27 00:00:00-03:00;16.06189989123146;16.162385200330586;15.839772825267467;15.897948265075684;41881300;0.0;0.0
2022-04-28 00:00:00-03:00;16.1042094605052;16.19411805716677;15.99843428487506;16.00372314453125;43298500;0.0;0.0
2022-04-29 00:00:00-03:00;16.262869721225382;16.707123804065912;16.014299392700195;16.014299392700195;76243900;0.0;0.0
2022-05-02 00:00:00-03:00;15.956123862842002;16.040743596911856;15.511869754601875;15.855637550354004;72456200;0.0;0.0
2022-05-03 00:00:00-03:00;15.92968090967295;16.072476083456063;15.77101814839075;15.998434066772461;52531000;0.0;0.0
2022-05-04 00:00:00-03:00;16.183539122724095;17.013869851464467;16.077763955036016;16.960983276367188;109417000;0.0;0.0
2022-05-05 00:00:00-03:00;16.823474659064264;17.188397849707115;16.405664897419655;16.929248809814453;99439900;0.0;0.0
2022-05-06 00:00:00-03:00;17.28888289382457;17.516298777360852;16.871073138167986;17.484567642211914;129570200;0.0;0.0
2022-05-09 00:00:00-03:00;17.294175434288533;17.47399262540016;16.955696490429855;17.008583068847656;92314500;0.0;0.0
2022-05-10 00:00:00-03:00;17.114358848618345;17.37350591652432;17.02973910966015;17.156667709350586;60330600;0.0;0.0
2022-05-11 00:00:00-03:00;17.336482652345975;17.93411061586149;17.288883929278484;17.75429344177246;108895400;0.0;0.0
2022-05-12 00:00:00-03:00;17.590341908445378;18.024020285670957;17.590341908445378;17.891801834106445;114415900;0.0;0.0
2022-05-13 00:00:00-03:00;18.03459829637613;18.214415494235617;17.928825135571262;18.124507904052734;67000100;0.0;0.0
2022-05-16 00:00:00-03:00;18.113928298792743;18.44711936962492;17.986997694549313;18.304323196411133;92075300;0.0;0.0
2022-05-17 00:00:00-03:00;18.51058600830233;18.584628029536535;18.05575414358504;18.06633186340332;90914700;0.0;0.0
2022-05-18 00:00:00-03:00;18.07690847855253;18.277881107831035;17.680253088328282;17.770160675048828;80986200;0.0;0.0
2022-05-19 00:00:00-03:00;17.72785223139085;18.13508535033241;17.62736692314307;18.071619033813477;63983100;0.0;0.0
2022-05-20 00:00:00-03:00;18.29374657321558;18.420677185058594;18.11392938330926;18.420677185058594;79589900;0.0;0.0
2022-05-23 00:00:00-03:00;18.605781602644768;19.20340959871429;18.58991603325586;19.145233154296875;93807400;0.0;0.0
2022-05-24 00:00:00-03:00;18.388186139211506;18.91272056358497;18.099396336267773;18.623931884765625;154453100;3.71549;0.0
2022-05-25 00:00:00-03:00;18.68287185150053;19.024702398911703;18.423550924227843;18.889148712158203;69991900;0.0;0.0
2022-05-26 00:00:00-03:00;18.87146785964572;19.189725504113763;18.830212488871982;18.936298370361328;78303600;0.0;0.0
2022-05-27 00:00:00-03:00;18.948087192861966;18.948087192861966;18.01688933784453;18.034570693969727;118295600;0.0;0.0
2022-05-30 00:00:00-03:00;18.17601693921514;18.19369829414247;17.16230952999691;17.67505645751953;98110100;0.0;0.0
2022-05-31 00:00:00-03:00;17.922588463300396;18.046355690271238;17.568969260115153;17.716310501098633;83598000;0.0;0.0
2022-06-01 00:00:00-03:00;17.622011384968445;17.87543848764478;17.59254358777909;17.69273567199707;46353200;0.0;0.0
2022-06-02 00:00:00-03:00;17.66326921192463;17.710418368472116;17.415735859019172;17.53950309753418;50738300;0.0;0.0
2022-06-03 00:00:00-03:00;17.510031205680164;17.940268450928176;17.403946464513915;17.845970153808594;60396900;0.0;0.0
2022-06-06 00:00:00-03:00;17.975631008227033;17.99331236144451;17.627905597154324;17.857757568359375;39213900;0.0;0.0
2022-06-07 00:00:00-03:00;17.792928003472554;18.447122327987344;17.77524665043859;18.069929122924805;80333700;0.0;0.0
2022-06-08 00:00:00-03:00;17.928480582038336;18.358716695945517;17.875437650282727;17.981523513793945;65923900;0.0;0.0
2022-06-09 00:00:00-03:00;17.98152317087131;18.06992768073659;17.669159370281353;17.72220230102539;53879000;0.0;0.0
2022-06-10 00:00:00-03:00;17.68684215026707;17.68684215026707;17.126945002363268;17.47467041015625;63101700;0.0;0.0
2022-06-13 00:00:00-03:00;17.10337210241499;17.43341617864118;16.897094133226933;17.250713348388672;64507100;0.0;0.0
2022-06-14 00:00:00-03:00;17.480565365473684;17.828290796559685;17.233032026804405;17.44520378112793;68816900;0.0;0.0
2022-06-15 00:00:00-03:00;17.680948715737166;17.69273628467086;16.997285455325287;17.13873291015625;72785700;0.0;0.0
2022-06-17 00:00:00-03:00;16.60241046924355;16.767433057769235;15.400105447394456;16.095556259155273;184606500;0.0;0.0
2022-06-20 00:00:00-03:00;15.3352769951997;16.64956062616555;15.270446487908956;16.278261184692383;92581800;0.0;0.0
2022-06-21 00:00:00-03:00;16.384346319722923;16.596518076456228;15.730151943336091;15.954110145568848;85179500;0.0;0.0
2022-06-22 00:00:00-03:00;15.66532093835063;16.237004557511423;15.553341278718804;15.906960487365723;57874700;0.0;0.0
2022-06-23 00:00:00-03:00;15.901065714897063;16.1368114646413;15.394212633978059;15.612277030944824;69262300;0.0;0.0
2022-06-24 00:00:00-03:00;15.77140688027776;15.965897277240147;15.429575239431005;15.494405746459961;53413400;0.0;0.0
2022-06-27 00:00:00-03:00;15.806769416375218;16.543475680181853;15.712471104537933;16.490432739257812;90417700;0.0;0.0
2022-06-28 00:00:00-03:00;16.844049913969464;16.99139114873971;16.51400586283895;16.69670867919922;51388000;0.0;0.0
2022-06-29 00:00:00-03:00;16.78511559654545;16.98549979443026;16.407922341291485;16.54936981201172;52048800;0.0;0.0
2022-06-30 00:00:00-03:00;16.295941602476532;16.53758115627871;16.1486003562984;16.46096420288086;49910100;0.0;0.0
2022-07-01 00:00:00-03:00;16.549370018567174;17.003181362036553;16.21932591610062;16.814584732055664;64948200;0.0;0.0
2022-07-04 00:00:00-03:00;16.820477065183784;17.256607015395605;16.820477065183784;17.174095153808594;37324200;0.0;0.0
2022-07-05 00:00:00-03:00;17.032648193671466;17.06211711800517;16.237005222653824;16.519901275634766;78428500;0.0;0.0
2022-07-06 00:00:00-03:00;16.59651843840754;16.785115060005992;15.859812182710739;16.307729721069336;57617200;0.0;0.0
2022-07-07 00:00:00-03:00;16.502219368938157;17.044435193168248;16.502219368938157;16.785114288330078;52147300;0.0;0.0
2022-07-08 00:00:00-03:00;16.814583323158775;17.073903105591754;16.720285016069603;16.973711013793945;43097800;0.0;0.0
2022-07-11 00:00:00-03:00;16.690816826875157;16.96781909974585;16.649561456224085;16.89120101928711;39577600;0.0;0.0
2022-07-12 00:00:00-03:00;16.679026971443236;16.755645041403145;16.484536590649885;16.637771606445312;46462000;0.0;0.0
2022-07-13 00:00:00-03:00;16.578836635096266;16.78511460593606;16.490432111629072;16.649560928344727;35497200;0.0;0.0
2022-07-14 00:00:00-03:00;16.50221926155703;16.50221926155703;16.054301746705544;16.201642990112305;47151000;0.0;0.0
2022-07-15 00:00:00-03:00;16.32540952000693;16.531686352643305;16.201642296300673;16.4786434173584;38610800;0.0;0.0
2022-07-18 00:00:00-03:00;16.732071544388276;16.90888171415119;16.679028605871853;16.855838775634766;46782300;0.0;0.0
2022-07-19 00:00:00-03:00;16.826369422765715;17.233031566310995;16.737964902201387;17.197669982910156;48562300;0.0;0.0
2022-07-20 00:00:00-03:00;17.132837652808806;17.22124216396262;16.991390210137837;17.191774368286133;43520800;0.0;0.0
2022-07-21 00:00:00-03:00;17.079797434267167;17.16820195946326;16.62009345359767;17.10337257385254;58843200;0.0;0.0
2022-07-22 00:00:00-03:00;17.115158436246947;17.36858441676091;17.003178782636503;17.286073684692383;55676200;0.0;0.0
2022-07-25 00:00:00-03:00;17.451097922650234;18.12297365957816;17.451097922650234;18.093505859375;79106600;0.0;0.0
2022-07-26 00:00:00-03:00;18.38819046192123;18.635723833974485;18.028677412858855;18.27621078491211;78360100;0.0;0.0
2022-07-27 00:00:00-03:00;18.44712218872868;18.547314273582614;18.046354973437364;18.476591110229492;56097200;0.0;0.0
2022-07-28 00:00:00-03:00;18.61803984299654;19.23097996292417;18.523741535949906;19.030595779418945;114996500;0.0;0.0
2022-07-29 00:00:00-03:00;19.80266136830833;20.427389023025068;19.348852336467974;20.126813888549805;181480600;0.0;0.0
2022-08-01 00:00:00-03:00;20.038408156746907;20.126813797914448;19.578704218472932;19.849811553955078;81365100;0.0;0.0
2022-08-02 00:00:00-03:00;19.902854457025974;20.33309059696908;19.731938083442742;19.938217163085938;69147100;0.0;0.0
2022-08-03 00:00:00-03:00;20.044302888779423;20.132708539084682;19.77909043436181;19.95000457763672;65544500;0.0;0.0
2022-08-04 00:00:00-03:00;20.0855603008587;20.274156921202522;19.79087780054034;20.16217613220215;54387500;0.0;0.0
2022-08-05 00:00:00-03:00;20.126815724896186;20.66313778698066;20.109133246020416;20.551156997680664;77882600;0.0;0.0
2022-08-08 00:00:00-03:00;20.710285128132853;21.670950679247575;20.70439246753661;21.58843994140625;109484600;0.0;0.0
2022-08-09 00:00:00-03:00;21.812397544483975;22.077612242719873;21.71809923491666;21.942058563232422;79051200;0.0;0.0
2022-08-10 00:00:00-03:00;22.18959362974703;22.18959362974703;21.576653476895924;21.871335983276367;78369600;0.0;0.0
2022-08-11 00:00:00-03:00;22.07171941274669;22.313358969675733;21.36448097229004;21.36448097229004;128896500;0.0;0.0
2022-08-12 00:00:00-03:00;21.016327956201554;22.98796249049021;21.001883414135392;22.901296615600586;171288300;6.667932;0.0
2022-08-15 00:00:00-03:00;22.30185901676254;23.276843440284335;22.06352961345785;22.90851593017578;96759000;0.0;0.0
2022-08-16 00:00:00-03:00;22.908517729496783;23.16129169285731;22.74963190731656;23.117958068847656;64218800;0.0;0.0
2022-08-17 00:00:00-03:00;22.857963694354975;23.702950095260388;22.82185371775939;23.659616470336914;72924700;0.0;0.0
2022-08-18 00:00:00-03:00;23.905167190986706;24.309606075362193;23.739059101425656;24.136274337768555;84552500;0.0;0.0
2022-08-19 00:00:00-03:00;23.775168571083302;23.941279412127326;22.626855132112624;22.915739059448242;125178200;0.0;0.0
2022-08-22 00:00:00-03:00;22.92296207484568;23.529620408228485;22.012976641032374;23.406843185424805;92400300;0.0;0.0
2022-08-23 00:00:00-03:00;23.565729933590866;24.194052311776222;23.55850628561506;24.150718688964844;73215800;0.0;0.0
2022-08-24 00:00:00-03:00;24.22294224870726;24.641822930612264;24.013500530247466;24.295162200927734;61067900;0.0;0.0
2022-08-25 00:00:00-03:00;24.62737820660778;24.815154489012404;23.594616918426045;24.035165786743164;99511600;0.0;0.0
2022-08-26 00:00:00-03:00;24.035165964910693;24.31682763559096;23.522397141107405;24.295162200927734;63545400;0.0;0.0
2022-08-29 00:00:00-03:00;24.230161346831167;25.335145268040826;24.15794139996111;24.901817321777344;73339500;0.0;0.0
2022-08-30 00:00:00-03:00;24.555157840008565;24.714045037048557;23.305733962868693;23.421287536621094;99361100;0.0;0.0
2022-08-31 00:00:00-03:00;23.161291748013646;24.15071941429988;22.980739113398627;23.999055862426758;114235400;0.0;0.0
2022-09-01 00:00:00-03:00;24.09294341507627;24.519047732555673;23.659615449580627;24.44682502746582;69184700;0.0;0.0
2022-09-02 00:00:00-03:00;24.872929401266134;24.966817540588295;24.02072076437763;24.136274337768555;81792300;0.0;0.0
2022-09-05 00:00:00-03:00;24.44682692974878;24.63460322257936;23.94128172985425;24.078500747680664;76337600;0.0;0.0
2022-09-06 00:00:00-03:00;23.305733917123238;23.536841064174414;22.756853754123068;23.18295669555664;111813500;0.0;0.0
2022-09-08 00:00:00-03:00;23.334622232543904;23.674059293926646;22.677409410638933;22.966293334960938;63159800;0.0;0.0
2022-09-09 00:00:00-03:00;23.464623905178723;23.59461928022143;22.894076862705603;22.959075927734375;49871900;0.0;0.0
2022-09-12 00:00:00-03:00;23.219068078299482;23.6379487248911;22.72074108293967;22.735185623168945;71374500;0.0;0.0
2022-09-13 00:00:00-03:00;22.345193432100007;22.706298684950653;22.041864964605175;22.135751724243164;88327800;0.0;0.0
2022-09-14 00:00:00-03:00;22.207972628199474;22.699075983142926;22.121306763059433;22.475191116333008;49039700;0.0;0.0
2022-09-15 00:00:00-03:00;22.33074903211109;22.554633904587373;22.244083164777596;22.43185806274414;45553200;0.0;0.0
2022-09-16 00:00:00-03:00;22.287417748906364;22.352416807834405;21.91186793676819;22.22964096069336;107303600;0.0;0.0
2022-09-19 00:00:00-03:00;22.02742223818423;22.662966929445005;21.579651081665453;22.583524703979492;65559900;0.0;0.0
2022-09-20 00:00:00-03:00;22.69185689119359;22.821855018357876;22.272974802279432;22.453527450561523;67798200;0.0;0.0
2022-09-21 00:00:00-03:00;22.641301067684477;22.72796556247056;22.309083497651677;22.511302947998047;58812200;0.0;0.0
2022-09-22 00:00:00-03:00;22.73518812636815;23.168516115913853;22.410194200469864;23.067405700683594;69764300;0.0;0.0
2022-09-23 00:00:00-03:00;22.619633870632875;22.67018838798306;21.500208085712966;21.622983932495117;138630800;0.0;0.0
2022-09-26 00:00:00-03:00;21.464094725398045;21.724090936041126;21.139100839601355;21.153545379638672;42934600;0.0;0.0
2022-09-27 00:00:00-03:00;21.420763874531634;21.579649692743693;21.36298708813568;21.42798614501953;71087600;0.0;0.0
2022-09-28 00:00:00-03:00;21.42798494423361;21.536316240466927;20.64077541276053;21.139101028442383;104670700;0.0;0.0
2022-09-29 00:00:00-03:00;20.936884473813585;21.232990700351078;20.65522278942606;21.167991638183594;87536500;0.0;0.0
2022-09-30 00:00:00-03:00;21.102991417322997;22.020199130874662;20.944105594919336;21.521873474121094;121637100;0.0;0.0
2022-10-03 00:00:00-03:00;23.04573693482447;23.572950268994543;22.865184309902617;23.240734100341797;179694100;0.0;0.0
2022-10-04 00:00:00-03:00;23.760727140901235;23.818502549725668;22.439080570738092;22.655744552612305;115917200;0.0;0.0
2022-10-05 00:00:00-03:00;22.684632189304846;23.702948906302694;22.53296864220217;23.507951736450195;92893700;0.0;0.0
2022-10-06 00:00:00-03:00;23.832947708161377;24.403494693287524;23.428508815854002;24.309606552124023;82671900;0.0;0.0
2022-10-07 00:00:00-03:00;24.251829098869482;24.786263308133595;23.991832886788853;24.287939071655273;73500100;0.0;0.0
2022-10-10 00:00:00-03:00;24.302385528725083;24.47571451377467;23.832947580437914;24.013500213623047;52222600;0.0;0.0
2022-10-11 00:00:00-03:00;23.75350318061696;24.071277567524124;23.551285119868364;23.83294677734375;58332400;0.0;0.0
2022-10-13 00:00:00-03:00;23.47184151427078;24.90904163765864;23.40684245833837;24.511823654174805;91143900;0.0;0.0
2022-10-14 00:00:00-03:00;24.533492329125956;24.656266795534965;24.049609846478987;24.136274337768555;62246100;0.0;0.0
2022-10-17 00:00:00-03:00;24.006280738695025;24.663492252113706;23.717395406526823;24.11461067199707;100936400;0.0;0.0
2022-10-18 00:00:00-03:00;24.48293794172362;24.72126598277704;23.948500940095663;24.70682144165039;82313200;0.0;0.0
2022-10-19 00:00:00-03:00;24.649044761586186;25.681805981282984;24.569601166991912;25.5806941986084;113700900;0.0;0.0
2022-10-20 00:00:00-03:00;26.071799886907574;26.396795187079782;25.83347183679104;26.339019775390625;114347400;0.0;0.0
2022-10-21 00:00:00-03:00;26.32457355926982;27.7256609525411;26.281239936998332;27.24178123474121;139601400;0.0;0.0
2022-10-24 00:00:00-03:00;26.360685835789592;26.591792998058352;24.721267509372968;24.7357120513916;142110900;0.0;0.0
2022-10-25 00:00:00-03:00;24.584046215493903;24.916262386105174;23.98461017481256;24.215717315673828;113161200;0.0;0.0
2022-10-26 00:00:00-03:00;23.54406484526004;24.215720934708997;23.038518243448966;23.62350845336914;121334800;0.0;0.0
2022-10-27 00:00:00-03:00;23.695730048642204;24.22294343981706;23.594618253541178;23.804059982299805;111008800;0.0;0.0
2022-10-28 00:00:00-03:00;23.61628614030164;23.919613256656227;23.009629152577784;23.522397994995117;129745400;0.0;0.0
2022-10-31 00:00:00-03:00;22.10686392460888;22.821852156856806;21.059658144872916;21.529094696044922;262409400;0.0;0.0
2022-11-01 00:00:00-03:00;22.077975334748427;22.15019666211494;21.348542545610428;21.56520652770996;115944200;0.0;0.0
2022-11-03 00:00:00-03:00;21.52187057897415;21.947974849130635;21.2618757570618;21.630203247070312;139062100;0.0;0.0
2022-11-04 00:00:00-03:00;22.244085003358183;22.316306335854332;20.351894081501708;20.43855857849121;195361000;0.0;0.0
2022-11-07 00:00:00-03:00;20.19300518750732;20.438556870975486;19.55023827475625;19.608015060424805;117206600;0.0;0.0
2022-11-08 00:00:00-03:00;19.543014967164112;19.8824547702708;19.31913010676898;19.752456665039062;94745400;0.0;0.0
2022-11-09 00:00:00-03:00;19.608016169105625;20.185785435966753;19.23968862307732;19.42746353149414;103303500;0.0;0.0
2022-11-10 00:00:00-03:00;18.835248570195755;19.420238651767146;18.495810152989073;18.864137649536133;145470100;0.0;0.0
2022-11-11 00:00:00-03:00;18.633029413310148;19.759678728538866;18.560809468942555;19.492460250854492;146365800;0.0;0.0
2022-11-14 00:00:00-03:00;19.687456967298377;20.351890634204885;19.564681136103463;20.005229949951172;66639500;0.0;0.0
2022-11-16 00:00:00-03:00;20.084673886567188;20.301337865954686;19.44912924421309;19.608015060424805;85549900;0.0;0.0
2022-11-17 00:00:00-03:00;19.499684613300513;19.7163472246676;19.174689318742587;19.615238189697266;101525800;0.0;0.0
2022-11-18 00:00:00-03:00;19.788568477271163;19.933011135958548;18.936359821531614;19.283021926879883;127683500;0.0;0.0
2022-11-21 00:00:00-03:00;19.58634910119587;19.91134299529597;18.813582719541557;19.340797424316406;164898100;0.0;0.0
2022-11-22 00:00:00-03:00;17.77128870464539;18.10353477274819;17.230422806746734;18.026268005371094;164261300;1.748708;0.0
2022-11-23 00:00:00-03:00;17.77129222297328;18.27352409974383;17.616758657624818;18.111265182495117;77317300;0.0;0.0
2022-11-24 00:00:00-03:00;18.173076626249426;19.030733560437586;17.964456774524805;18.73712158203125;94233800;0.0;0.0
2022-11-25 00:00:00-03:00;18.744847085345437;18.798933382258934;18.23488846624523;18.435781478881836;58635900;0.0;0.0
2022-11-28 00:00:00-03:00;18.273520319963;18.968918272709097;18.188528202968687;18.822113037109375;56067400;0.0;0.0
2022-11-29 00:00:00-03:00;19.007553816433116;19.996563788188265;18.914833394710517;19.610231399536133;96151500;0.0;0.0
2022-11-30 00:00:00-03:00;19.78021890008288;20.5992431640625;19.702952126407563;20.5992431640625;120774700;0.0;0.0
2022-12-01 00:00:00-03:00;20.53743137674945;20.699691759404022;19.7493128866929;19.772493362426758;71259400;0.0;0.0
2022-12-02 00:00:00-03:00;19.849759147398856;20.43698457292086;19.55614569776728;20.019744873046875;66301000;0.0;0.0
2022-12-05 00:00:00-03:00;20.089283418373633;20.537428912603094;19.741583692789977;19.795671463012695;56065400;0.0;0.0
2022-12-06 00:00:00-03:00;19.950206620777703;20.390625358962385;19.641140968871017;19.811126708984375;74991200;0.0;0.0
2022-12-07 00:00:00-03:00;19.579324567377153;20.14336947208968;19.525238271547327;19.587051391601562;57008400;0.0;0.0
2022-12-08 00:00:00-03:00;19.741585855766886;19.927026712223267;19.03846097698557;19.146635055541992;55567700;0.0;0.0
2022-12-09 00:00:00-03:00;19.30889313713354;19.355252612394743;18.922560737894194;19.092546463012695;61586200;0.0;0.0
2022-12-12 00:00:00-03:00;18.992100288489347;19.05391341211884;17.871735764746095;18.474414825439453;111293100;0.0;0.0
2022-12-13 00:00:00-03:00;18.6212223294345;18.698489105654463;18.010816418412087;18.018543243408203;102533100;0.0;0.0
2022-12-14 00:00:00-03:00;17.384958534488142;17.462225311611885;16.04824874308983;16.589113235473633;319501600;0.0;0.0
2022-12-15 00:00:00-03:00;16.225959446515837;17.28451078266316;16.094606382522972;17.029531478881836;132385600;0.0;0.0
2022-12-16 00:00:00-03:00;16.967718198711662;17.083619097008587;16.620019925044307;17.03725814819336;90767300;0.0;0.0
2022-12-19 00:00:00-03:00;17.075893026411634;17.392685488602023;16.720466438502175;17.292238235473633;63074100;0.0;0.0
2022-12-20 00:00:00-03:00;17.29996421640954;17.95672958417276;17.160884318090137;17.825376510620117;71875500;0.0;0.0
2022-12-21 00:00:00-03:00;18.15762367339329;18.327609407022894;17.655391823983845;18.21170997619629;74252800;0.0;0.0
2022-12-22 00:00:00-03:00;18.466688230764728;18.976646875494666;18.312156156636917;18.53622817993164;81894800;0.0;0.0
2022-12-23 00:00:00-03:00;18.644400476373246;19.486605203723553;18.644400476373246;19.409339904785156;68387900;0.0;0.0
2022-12-26 00:00:00-03:00;19.40934167327357;19.54842010827953;19.177541334114483;19.270261764526367;28765200;0.0;0.0
2022-12-27 00:00:00-03:00;19.509785833846315;19.556145308328734;18.96891989450066;19.401613235473633;50803200;0.0;0.0
2022-12-28 00:00:00-03:00;19.393886811500366;19.56387253727568;19.12345383623966;19.162086486816406;57293500;0.0;0.0
2022-12-29 00:00:00-03:00;19.308893904266778;19.355253381369817;18.876202012575586;18.930288314819336;57901800;0.0;0.0
2023-01-02 00:00:00-03:00;18.188531232588232;18.397149621542425;17.61675794807307;17.7094783782959;78424700;0.0;0.0
2023-01-03 00:00:00-03:00;17.724930727827914;17.848556976555862;17.0990711856839;17.26133155822754;96750300;0.0;0.0
2023-01-04 00:00:00-03:00;16.96771841635253;18.227162874239095;16.867272640113427;17.80992317199707;129504000;0.0;0.0
2023-01-05 00:00:00-03:00;18.033996590901644;18.574862541627823;17.88718986592034;18.451234817504883;73886000;0.0;0.0
2023-01-06 00:00:00-03:00;18.497596913924163;18.791208908355422;18.196256620405936;18.343063354492188;51851500;0.0;0.0
2023-01-09 00:00:00-03:00;18.15762342131348;18.543955834532916;17.964457214703764;18.443510055541992;46385200;0.0;0.0
2023-01-10 00:00:00-03:00;18.505322274252975;18.628948522514897;18.057176755868223;18.613494873046875;52741100;0.0;0.0
2023-01-11 00:00:00-03:00;18.659856239330715;19.02300966993785;18.5825894578989;18.760303497314453;53536500;0.0;0.0
2023-01-12 00:00:00-03:00;18.768030317067705;19.046188666899013;18.628950405281415;19.03073501586914;58130000;0.0;0.0
2023-01-13 00:00:00-03:00;18.883927321370198;19.053913039592594;18.737120602967483;18.984373092651367;40002700;0.0;0.0
2023-01-16 00:00:00-03:00;18.86074666222024;18.930286608477196;18.412601160642666;18.574861526489258;31973700;0.0;0.0
2023-01-17 00:00:00-03:00;18.628949392472858;19.79567345445338;18.628949392472858;19.718406677246094;91797500;0.0;0.0
2023-01-18 00:00:00-03:00;19.965658815850432;20.112465542453485;19.31662025730567;19.37070655822754;69692900;0.0;0.0
2023-01-19 00:00:00-03:00;19.31662032253863;20.050652484291568;19.15436141922507;20.004291534423828;75553300;0.0;0.0
2023-01-20 00:00:00-03:00;20.00429143302093;20.552884213745592;19.641139503344867;20.375171661376953;114219500;0.0;0.0
2023-01-23 00:00:00-03:00;20.297905701934607;21.325549880257693;20.189731622182915;20.699691772460938;87678100;0.0;0.0
2023-01-24 00:00:00-03:00;21.225102641596173;21.271463593127738;20.375172495894677;20.552885055541992;65794000;0.0;0.0
2023-01-25 00:00:00-03:00;20.514249633824047;20.923762504045428;20.097011412576478;20.815589904785156;51832900;0.0;0.0
2023-01-26 00:00:00-03:00;20.931488231302605;21.01648182554553;19.934749994697217;20.28244972229004;73344800;0.0;0.0
2023-01-27 00:00:00-03:00;20.228363308607094;20.2669959564537;19.65659157277923;19.795671463012695;47681900;0.0;0.0
2023-01-30 00:00:00-03:00;19.973383022361922;20.14336872779486;19.71067690340312;19.896116256713867;40683200;0.0;0.0
2023-01-31 00:00:00-03:00;19.80339864925157;20.251544185021572;19.71840652136254;20.14337158203125;54048900;0.0;0.0
2023-02-01 00:00:00-03:00;20.143371289020983;20.460163742091233;19.664319933825503;19.865211486816406;56349200;0.0;0.0
2023-02-02 00:00:00-03:00;19.710679644894707;19.942478500338012;18.868474877047554;18.945741653442383;83823000;0.0;0.0
2023-02-03 00:00:00-03:00;18.961193630432383;19.61023066315422;18.86847321219152;19.154359817504883;71170700;0.0;0.0
2023-02-06 00:00:00-03:00;19.216175193776927;19.988840032752833;19.12345476465368;19.919300079345703;82794500;0.0;0.0
2023-02-07 00:00:00-03:00;20.019743473256902;20.19745601133697;19.672043747673246;19.795671463012695;55311800;0.0;0.0
2023-02-08 00:00:00-03:00;19.934750146754812;20.205183106529688;19.74931078187117;20.12791633605957;48713100;0.0;0.0
2023-02-09 00:00:00-03:00;20.127917161041474;20.33653700773916;19.92702561282273;20.035198211669922;38198300;0.0;0.0
2023-02-10 00:00:00-03:00;20.0738313977329;20.699690954540895;20.03519874675317;20.64560317993164;54683100;0.0;0.0
2023-02-13 00:00:00-03:00;20.622424406581594;20.77695648594823;20.37517190060203;20.707416534423828;36726900;0.0;0.0
2023-02-14 00:00:00-03:00;20.746051179522247;20.908310087985026;20.552884970166808;20.630151748657227;35839000;0.0;0.0
2023-02-15 00:00:00-03:00;20.537430268792626;20.707415993780174;20.321083594838445;20.661056518554688;72554100;0.0;0.0
2023-02-16 00:00:00-03:00;20.55288557330604;20.823318569087945;20.467891967098254;20.746051788330078;44115700;0.0;0.0
2023-02-17 00:00:00-03:00;20.60697090226969;20.60697090226969;20.3751720447097;20.429258346557617;61085700;0.0;0.0
2023-02-22 00:00:00-03:00;20.089284203014454;20.1742778000859;19.84975853477987;19.903844833374023;38608500;0.0;0.0
2023-02-23 00:00:00-03:00;19.91157220226574;20.699690650086207;19.91157220226574;20.514249801635742;73913400;0.0;0.0
2023-02-24 00:00:00-03:00;20.6069704587395;20.630150933493056;19.988839202722957;20.01201820373535;64409100;0.0;0.0
2023-02-27 00:00:00-03:00;19.965657368001416;20.66105535208803;19.942476894826807;20.205183029174805;76250600;0.0;0.0
2023-02-28 00:00:00-03:00;20.25154230290073;20.80013503938383;19.502058029174805;19.502058029174805;130248100;0.0;0.0
2023-03-01 00:00:00-03:00;19.55614486957451;19.648865290200227;18.690761154526232;19.548418045043945;109257700;0.0;0.0
2023-03-02 00:00:00-03:00;19.641138839001997;19.83430503471455;18.82984140650572;19.03845977783203;124516200;0.0;0.0
2023-03-03 00:00:00-03:00;19.18526767415989;19.88839255171487;18.891655687141597;19.857486724853516;87591800;0.0;0.0
2023-03-06 00:00:00-03:00;19.85748666129567;20.182005947877833;19.602507327105485;20.058378219604492;50227400;0.0;0.0
2023-03-07 00:00:00-03:00;19.872937911714747;19.919298860309752;19.2625334926252;19.39388656616211;59052500;0.0;0.0
2023-03-08 00:00:00-03:00;19.432518239810776;20.02747045321481;19.41706459105562;19.641138076782227;66220400;0.0;0.0
2023-03-09 00:00:00-03:00;19.587052012232423;20.266996354373575;19.53296571468883;19.55614471435547;68042300;0.0;0.0
2023-03-10 00:00:00-03:00;19.440246435549152;19.76476571359452;19.270260708474403;19.301166534423828;48118600;0.0;0.0
2023-03-13 00:00:00-03:00;18.968921822417144;19.20844899135987;18.621223517848826;18.690763473510742;58605500;0.0;0.0
2023-03-14 00:00:00-03:00;18.760300812723596;19.10799906879937;18.23488854266307;18.3585147857666;58916700;0.0;0.0
2023-03-15 00:00:00-03:00;18.026269757168546;18.14216918262682;17.616756881892083;18.03399658203125;93708800;0.0;0.0
2023-03-16 00:00:00-03:00;18.080355826754307;18.173076250182472;17.74810973060333;17.972183227539062;66821000;0.0;0.0
2023-03-17 00:00:00-03:00;17.848557504375908;18.16534996032715;17.663118125800146;18.16534996032715;93502700;0.0;0.0
2023-03-20 00:00:00-03:00;18.16534864103819;18.27352123558254;17.686295842536936;17.71720314025879;57575200;0.0;0.0
2023-03-21 00:00:00-03:00;17.925822626204074;18.234888228640482;17.833102208602632;18.080354690551758;43391200;0.0;0.0
2023-03-22 00:00:00-03:00;18.072627476300948;18.250341483390567;17.80219600109263;18.026268005371094;46435600;0.0;0.0
2023-03-23 00:00:00-03:00;18.057176602869156;18.28897544796094;17.45449754239296;17.616756439208984;74711200;0.0;0.0
2023-03-24 00:00:00-03:00;17.547217077830265;17.87173635605754;17.369504525733255;17.609031677246094;52556800;0.0;0.0
2023-03-27 00:00:00-03:00;17.856285475722938;18.049451691691413;17.639938783291388;17.910371780395508;39148700;0.0;0.0
2023-03-28 00:00:00-03:00;17.941274804080116;18.26579405512895;17.88718850786215;18.227161407470703;29091100;0.0;0.0
2023-03-29 00:00:00-03:00;18.31988143361989;18.57486222869544;18.134442061171328;18.46668815612793;49148600;0.0;0.0
2023-03-30 00:00:00-03:00;18.73712151720875;18.760301991900565;18.296702814252324;18.520774841308594;56116900;0.0;0.0
2023-03-31 00:00:00-03:00;18.54395499015255;18.71394071368214;17.933549097664283;18.118989944458008;59547800;0.0;0.0
2023-04-03 00:00:00-03:00;18.61349412984479;18.930286562584673;18.389420642728684;18.92255973815918;73931200;0.0;0.0
2023-04-04 00:00:00-03:00;19.030733244596203;19.13118049320003;18.62122184660854;18.752574920654297;57505700;0.0;0.0
2023-04-05 00:00:00-03:00;18.690762024386075;18.953468175687235;17.979910345643148;18.814388275146484;93626400;0.0;0.0
2023-04-06 00:00:00-03:00;18.806662928542817;18.868476058781805;18.505324102845407;18.543956756591797;29565400;0.0;0.0
2023-04-10 00:00:00-03:00;18.567134352880405;19.053912493783915;18.567134352880405;18.938013076782227;41455900;0.0;0.0
2023-04-11 00:00:00-03:00;19.084820658728887;19.857485438859754;19.030732886177194;19.82657814025879;80565000;0.0;0.0
2023-04-12 00:00:00-03:00;20.073830630128775;20.20518370167467;19.455699395642874;19.973384857177734;71563400;0.0;0.0
2023-04-13 00:00:00-03:00;19.973385007543516;20.15882437928533;19.9347508840091;20.112464904785156;38852800;0.0;0.0
2023-04-14 00:00:00-03:00;19.934750679905754;20.39834984138426;19.87293755662469;20.321083068847656;38421100;0.0;0.0
2023-04-17 00:00:00-03:00;20.27472270416594;20.70741454812547;20.251542231300927;20.637874603271484;49427100;0.0;0.0
2023-04-18 00:00:00-03:00;20.63787396371028;21.341000214748792;20.491068728004464;21.163286209106445;99478800;0.0;0.0
2023-04-19 00:00:00-03:00;20.985574927563025;21.10147434771979;20.43698365107516;20.48334312438965;73217800;0.0;0.0
2023-04-20 00:00:00-03:00;20.491070101841377;20.84649518947378;20.313357558025174;20.62242317199707;54738400;0.0;0.0
2023-04-24 00:00:00-03:00;20.552884128664733;21.06284278258442;20.475617353337867;21.016483306884766;43820900;0.0;0.0
2023-04-25 00:00:00-03:00;20.98557433340179;21.248280464314416;20.645601433325265;20.931488037109375;53854100;0.0;0.0
2023-04-26 00:00:00-03:00;20.954671743108833;21.03193705045307;20.668785095214844;20.668785095214844;40249400;0.0;0.0
2023-04-27 00:00:00-03:00;20.746048228245606;21.00102752937247;20.019742971743838;20.166549682617188;115632700;0.0;0.0
2023-04-28 00:00:00-03:00;20.540956256497573;20.932626030173626;20.149284822704395;20.627994537353516;81138500;2.930163;0.0
2023-05-02 00:00:00-03:00;20.627996113586082;20.662810432518423;19.70539259017881;19.792430877685547;67911100;0.0;0.0
2023-05-03 00:00:00-03:00;19.6705769960757;20.010024469217875;19.513908420743263;19.72279930114746;51133700;0.0;0.0
2023-05-04 00:00:00-03:00;19.922986361747988;20.349472120487746;19.679281162535077;20.036136627197266;57854400;0.0;0.0
2023-05-05 00:00:00-03:00;20.279842324603123;21.037073243901283;20.175397710979574;20.889108657836914;83365200;0.0;0.0
2023-05-08 00:00:00-03:00;21.2807778817598;21.437444785796806;21.071885356143067;21.33300018310547;59352300;0.0;0.0
2023-05-09 00:00:00-03:00;21.245965079447725;21.58541257904921;21.098000486779878;21.402633666992188;33978200;0.0;0.0
2023-05-10 00:00:00-03:00;21.402632768375558;21.602819661780703;21.176333891436922;21.35041046142578;41500700;0.0;0.0
2023-05-11 00:00:00-03:00;21.002256571250953;22.17726922641149;20.828181667597228;22.133750915527344;136878100;0.0;0.0
2023-05-12 00:00:00-03:00;22.264307373490215;23.273947452966933;22.17726909213178;22.847461700439453;117237500;0.0;0.0
2023-05-15 00:00:00-03:00;22.682088141397845;22.760422425188054;22.107637833681032;22.33393669128418;81996700;0.0;0.0
2023-05-16 00:00:00-03:00;22.7256088601578;23.526358051901692;22.699496877993706;22.890979766845703;117782700;0.0;0.0
2023-05-17 00:00:00-03:00;23.15209384413909;23.291354424184558;22.20338010500619;22.33393669128418;107129200;0.0;0.0
2023-05-18 00:00:00-03:00;22.273011810498044;22.49931068248268;22.064120927154647;22.464494705200195;63010500;0.0;0.0
2023-05-19 00:00:00-03:00;22.699497047851636;22.786535328932796;22.316529607164824;22.42967987060547;69245500;0.0;0.0
2023-05-22 00:00:00-03:00;22.52541904890208;22.63856930512542;22.19467559403076;22.299121856689453;38010200;0.0;0.0
2023-05-23 00:00:00-03:00;22.32523367240598;23.004130274861208;22.21208506872201;22.847461700439453;58285300;0.0;0.0
2023-05-24 00:00:00-03:00;22.847460506610414;23.41320681570307;22.67338395298942;23.19561195373535;54796400;0.0;0.0
2023-05-25 00:00:00-03:00;23.32617120154481;23.360987180290028;22.795240806618157;23.02153968811035;49182700;0.0;0.0
2023-05-26 00:00:00-03:00;23.334873961877253;23.421912244018962;23.091168764021056;23.326169967651367;39866600;0.0;0.0
2023-05-29 00:00:00-03:00;23.28265291107918;23.343579213825862;23.117280332111584;23.230430603027344;17977100;0.0;0.0
2023-05-30 00:00:00-03:00;23.256539745059015;23.32617003896182;22.85616597014719;22.969314575195312;45736700;0.0;0.0
2023-05-31 00:00:00-03:00;22.86486864350603;22.94320292713599;22.516717194104576;22.734312057495117;49207600;0.0;0.0
2023-06-01 00:00:00-03:00;22.890978998635443;23.500245281080655;22.769126406193227;23.465429306030273;63148200;0.0;0.0
2023-06-02 00:00:00-03:00;23.874508620198625;24.022473193357904;23.59598746133811;23.65691375732422;39919300;0.0;0.0
2023-06-05 00:00:00-03:00;23.97025260645938;23.987658935046;23.700433761902065;23.909324645996094;39321700;0.0;0.0
2023-06-06 00:00:00-03:00;23.8919181396991;24.588221081500024;23.68302559704166;24.41414451599121;75426600;0.0;0.0
2023-06-07 00:00:00-03:00;24.93637265339331;25.2932281200262;24.744889758651837;25.127857208251953;82330400;0.0;0.0
2023-06-09 00:00:00-03:00;25.32804304907298;26.45083170832047;25.25841275749265;26.355091094970703;80442400;0.0;0.0
2023-06-12 00:00:00-03:00;26.302868842205843;26.973061479835923;26.1462019210467;26.81639289855957;119350400;0.0;0.0
2023-06-13 00:00:00-03:00;27.11646872902062;27.11646872902062;26.51367480057602;26.764066696166992;79174900;1.893576;0.0
2023-06-14 00:00:00-03:00;26.838255251017728;27.914011001586914;26.782611431319083;27.914011001586914;98326000;0.0;0.0
2023-06-15 00:00:00-03:00;28.006750878732216;28.60954481673066;27.153565041174268;27.25557518005371;120579500;0.0;0.0
2023-06-16 00:00:00-03:00;27.10719517833449;27.74708499847726;26.930995043593676;27.48741912841797;94572000;0.0;0.0
2023-06-19 00:00:00-03:00;27.478143838618774;28.24786567242282;27.403953846282082;28.210771560668945;34573900;0.0;0.0
2023-06-20 00:00:00-03:00;28.09948641720988;28.51680624045546;27.728536445896584;28.349878311157227;55605300;0.0;0.0
2023-06-21 00:00:00-03:00;28.683734712894765;29.67602656825826;28.609544717227283;29.53692054748535;89294300;0.0;0.0
2023-06-22 00:00:00-03:00;29.175242050136795;29.388539830136907;28.822840021629226;29.165969848632812;43455800;0.0;0.0
2023-06-23 00:00:00-03:00;28.93412576762635;29.008315761129847;27.719262191866797;27.969654083251953;76023400;0.0;0.0
2023-06-26 00:00:00-03:00;27.932561252801452;28.795019303548813;27.932561252801452;28.600271224975586;53635000;0.0;0.0
2023-06-27 00:00:00-03:00;28.683734759392156;28.934126658486694;28.13658287714662;28.377700805664062;48399600;0.0;0.0
2023-06-28 00:00:00-03:00;28.359152857734045;28.91557871042373;28.331330946009402;28.646638870239258;36794600;0.0;0.0
2023-06-29 00:00:00-03:00;28.748650180528116;28.859936056285886;28.526080197841573;28.776472091674805;32071800;0.0;0.0
2023-06-30 00:00:00-03:00;28.74865021016036;28.82284020446568;27.190658560919676;27.385408401489258;104262900;0.0;0.0
2023-07-03 00:00:00-03:00;27.56160997457306;27.988203790771372;27.56160997457306;27.895465850830078;31266900;0.0;0.0
2023-07-04 00:00:00-03:00;27.784178653536937;28.182950538222048;27.784178653536937;27.96038055419922;18308000;0.0;0.0
2023-07-05 00:00:00-03:00;27.96965452134337;28.33133052423425;27.5059666124765;27.92328643798828;53585500;0.0;0.0
2023-07-06 00:00:00-03:00;27.68216852865314;27.821274547625467;27.03300474834361;27.496692657470703;47685700;0.0;0.0
2023-07-07 00:00:00-03:00;27.598703825540724;28.006749669933924;27.227753861923702;27.357585906982422;55533500;0.0;0.0
2023-07-10 00:00:00-03:00;26.995911362135207;27.515241339065806;26.90317342404748;27.403955459594727;25590200;0.0;0.0
2023-07-11 00:00:00-03:00;27.385408562384647;27.385408562384647;26.89389874170606;27.033004760742188;40877000;0.0;0.0
2023-07-12 00:00:00-03:00;27.079373729278558;27.60797764566304;27.023729908416758;27.051551818847656;40181800;0.0;0.0
2023-07-13 00:00:00-03:00;26.95881561973072;27.56160956719584;26.930995476339888;27.478145599365234;35886500;0.0;0.0
2023-07-14 00:00:00-03:00;27.357585463337344;27.431775454857643;26.764065531174943;26.940265655517578;34451100;0.0;0.0
2023-07-17 00:00:00-03:00;26.346746582923384;26.97736241583437;25.92015455997123;26.884624481201172;52160800;0.0;0.0
2023-07-18 00:00:00-03:00;26.893898158168096;27.079374025411184;26.624958327548512;26.736244201660156;35640400;0.0;0.0
2023-07-19 00:00:00-03:00;26.71769727465719;27.014457258440014;26.495127286820075;26.986637115478516;46517700;0.0;0.0
2023-07-20 00:00:00-03:00;26.95881374354974;27.21847959971025;26.782611849411218;27.014455795288086;33177100;0.0;0.0
2023-07-21 00:00:00-03:00;27.033005321110426;27.691443085812747;27.014457379833395;27.52451515197754;52059200;0.0;0.0
2023-07-24 00:00:00-03:00;27.635797507819554;28.201497299058374;27.59870339644905;28.099485397338867;45268100;0.0;0.0
2023-07-25 00:00:00-03:00;28.284961700439453;28.79501767930924;28.006749669933924;28.74864959716797;56261000;0.0;0.0
2023-07-26 00:00:00-03:00;28.702281515026698;28.952671634950093;28.40551977530413;28.74864959716797;45880200;0.0;0.0
2023-07-27 00:00:00-03:00;28.60954481673066;28.646638930278908;27.246301209459393;27.25557518005371;86471900;0.0;0.0
2023-07-28 00:00:00-03:00;27.29267133440204;27.774907197137882;27.190659425677023;27.598705291748047;43608600;0.0;0.0
2023-07-31 00:00:00-03:00;28.099486546156186;28.887756344332367;28.099486546156186;28.850662231445312;91290800;0.0;0.0
2023-08-01 00:00:00-03:00;28.832114750967655;28.832114750967655;27.77490686878497;28.377700805664062;75752400;0.0;0.0
2023-08-02 00:00:00-03:00;28.294236254175665;28.359152278043858;27.635798507450456;28.31278419494629;62068400;0.0;0.0
2023-08-03 00:00:00-03:00;28.683733427543945;28.86920752398684;28.396247428318645;28.67445945739746;57304400;0.0;0.0
2023-08-04 00:00:00-03:00;28.47043951851592;28.87848362205453;27.5801577759709;27.82127571105957;120685800;0.0;0.0
2023-08-07 00:00:00-03:00;27.691442627073705;28.28496258747411;27.691442627073705;27.99747657775879;44984900;0.0;0.0
2023-08-08 00:00:00-03:00;27.737809262858736;28.18294920992439;27.561607370501072;28.02529525756836;34771300;0.0;0.0
2023-08-09 00:00:00-03:00;28.01602172968752;28.488983594219416;27.96965364778062;28.247865676879883;48561500;0.0;0.0
2023-08-10 00:00:00-03:00;28.099485547508532;28.61881726010241;27.932559392205786;28.405519485473633;54020200;0.0;0.0
2023-08-11 00:00:00-03:00;28.386974634758868;28.785746523441404;27.96965480501458;28.340604782104492;39403200;0.0;0.0
2023-08-14 00:00:00-03:00;28.266414930285237;28.507532858825858;28.071666854634557;28.414794921875;27992700;0.0;0.0
2023-08-15 00:00:00-03:00;29.722392251026942;29.81513194915532;28.609542405919584;28.618816375732422;87366200;0.0;0.0
2023-08-16 00:00:00-03:00;28.748651612199385;29.65747952896929;28.637365730899628;29.249435424804688;74461000;0.0;0.0
2023-08-17 00:00:00-03:00;29.444182328936947;29.852226416788955;29.036136472255937;29.156696319580078;57570600;0.0;0.0
2023-08-18 00:00:00-03:00;29.128874552467703;29.37926645000077;28.91557853701169;29.230886459350586;45579700;0.0;0.0
2023-08-21 00:00:00-03:00;29.39781484938254;29.703847037144527;28.720829141553505;29.02686309814453;42236900;0.0;0.0
2023-08-22 00:00:00-03:00;29.363147084055935;29.46904754638672;29.112838068890508;29.46904754638672;31372200;1.149304;0.0
2023-08-23 00:00:00-03:00;30.037055878290623;31.038291931152344;29.931155416784843;31.038291931152344;95507400;0.0;0.0
2023-08-24 00:00:00-03:00;31.067172211110535;31.50039969791113;30.65319968733537;30.99015235900879;49332300;0.0;0.0
2023-08-25 00:00:00-03:00;31.17307212754319;31.259717623391396;30.614689227075075;30.778352737426758;34079000;0.0;0.0
2023-08-28 00:00:00-03:00;30.903506819260667;31.134562702740293;30.67245460828972;31.124937057495117;24956100;0.0;0.0
2023-08-29 00:00:00-03:00;31.19232749938965;31.288598641591076;30.797608104095588;31.19232749938965;40607500;0.0;0.0
2023-08-30 00:00:00-03:00;31.20195360848914;31.481145066536186;31.096053146987934;31.404125213623047;34637900;0.0;0.0
2023-08-31 00:00:00-03:00;31.490771307544357;31.56779116191433;30.691708680999866;30.749473571777344;48971500;0.0;0.0
2023-09-01 00:00:00-03:00;31.00940663989939;31.471514724818498;30.7687251161389;31.413753509521484;50089200;0.0;0.0
2023-09-04 00:00:00-03:00;31.461890292536616;31.500400219224804;31.00940783522225;31.086427688598633;21667400;0.0;0.0
2023-09-05 00:00:00-03:00;31.067173799092284;32.2417008961184;31.01903822532261;32.12617111206055;75082900;0.0;0.0
2023-09-06 00:00:00-03:00;32.10691494007817;32.54014243272345;31.98176318748744;32.27058029174805;57856500;0.0;0.0
2023-09-08 00:00:00-03:00;32.23206836090161;32.41498499197371;32.020267450443434;32.155052185058594;39074100;0.0;0.0
2023-09-11 00:00:00-03:00;32.22244593210876;32.43424319119709;32.087664856550134;32.12617111206055;30276200;0.0;0.0
2023-09-12 00:00:00-03:00;32.29945973553999;32.52088629657099;32.24169852027627;32.28020477294922;31963000;0.0;0.0
2023-09-13 00:00:00-03:00;32.39573623770096;32.44387181043352;31.798843383789062;31.798843383789062;47685700;0.0;0.0
2023-09-14 00:00:00-03:00;31.86623295164063;32.73268792452868;31.86623295164063;32.6075325012207;46502100;0.0;0.0
2023-09-15 00:00:00-03:00;32.60753412904675;32.72306391287173;32.35722694244369;32.62678909301758;54801500;0.0;0.0
2023-09-18 00:00:00-03:00;32.73268607546126;33.41622069739974;32.58827569730142;32.85784149169922;52363400;0.0;0.0
2023-09-19 00:00:00-03:00;32.93486022949219;33.329577798331876;32.800079158060406;32.93486022949219;43247200;0.0;0.0
2023-09-20 00:00:00-03:00;32.877097900409325;33.31995102657524;32.74231316102486;33.011878967285156;39102300;0.0;0.0
2023-09-21 00:00:00-03:00;32.732688578653445;33.01188003910877;32.37648093712937;32.50163269042969;60109400;0.0;0.0
2023-09-22 00:00:00-03:00;32.751944331131924;32.915606015164045;32.549772719383235;32.76156997680664;31020500;0.0;0.0
2023-09-25 00:00:00-03:00;32.68455249699212;33.05038945076572;32.66529753389785;32.97336959838867;26767200;0.0;0.0
2023-09-26 00:00:00-03:00;32.73268730494709;32.819332800595824;32.21281433105469;32.21281433105469;60687500;0.0;0.0
2023-09-27 00:00:00-03:00;32.59790777752106;33.233306884765625;32.52088792330534;33.233306884765625;53708700;0.0;0.0
2023-09-28 00:00:00-03:00;33.165916442871094;33.25256194285572;32.934860552075826;33.165916442871094;30765000;0.0;0.0
2023-09-29 00:00:00-03:00;33.214050111731865;33.39696674676585;32.97336858918308;33.34883117675781;40227600;0.0;0.0
2023-10-02 00:00:00-03:00;33.26218570872118;33.47398662393866;32.66529656061842;32.84821319580078;34403400;0.0;0.0
2023-10-03 00:00:00-03:00;32.70380783081055;32.95411500885601;32.376480799514944;32.70380783081055;37947300;0.0;0.0
2023-10-04 00:00:00-03:00;32.34759637675667;32.45349683825788;31.182698645260857;31.404125213623047;88895900;0.0;0.0
2023-10-05 00:00:00-03:00;31.29822410578553;31.712196625372943;31.086426859665643;31.510025024414062;35342000;0.0;0.0
2023-10-06 00:00:00-03:00;31.384871337417355;32.5593984274617;31.124938506104478;32.26095199584961;48132800;0.0;0.0
2023-10-09 00:00:00-03:00;32.87709768876406;33.77243325297111;32.82895844589661;33.64727783203125;77528400;0.0;0.0
2023-10-10 00:00:00-03:00;33.59914406674634;34.02274225017345;33.4451080298175;33.897586822509766;48326500;0.0;0.0
2023-10-11 00:00:00-03:00;33.830194751624816;33.93609521080602;33.20442498670379;33.81093978881836;41578500;0.0;0.0
2023-10-13 00:00:00-03:00;34.45597009633151;35.00472371291107;34.44634077814094;34.927703857421875;66943700;0.0;0.0
2023-10-16 00:00:00-03:00;35.04323159820604;35.428319835681116;34.61962976272225;35.31279373168945;49626600;0.0;0.0
2023-10-17 00:00:00-03:00;35.33205016779589;36.265892028808594;35.26465963161484;36.265892028808594;68814800;0.0;0.0
2023-10-18 00:00:00-03:00;36.57396578944002;37.17085493717322;36.4969459394055;37.08420944213867;85931700;0.0;0.0
2023-10-19 00:00:00-03:00;36.93017415234642;37.03607461200521;36.50657231371127;36.910919189453125;56016600;0.0;0.0
2023-10-20 00:00:00-03:00;37.24787237160236;37.4115377221942;35.99632914637763;36.43918228149414;66242400;0.0;0.0
2023-10-23 00:00:00-03:00;35.226149740233105;35.42832134898131;33.945722206476916;34.03236770629883;104499100;0.0;0.0
2023-10-24 00:00:00-03:00;34.32118741773449;34.841056727955106;33.8590756514138;34.5426139831543;78634900;0.0;0.0
2023-10-25 00:00:00-03:00;34.73516185000822;34.927704145300474;34.41746045226002;34.72553253173828;32846500;0.0;0.0
2023-10-26 00:00:00-03:00;34.51373044711462;34.59075030066609;33.83982509108306;34.36932373046875;47858600;0.0;0.0
2023-10-27 00:00:00-03:00;34.8603104469899;35.100991966793764;33.85907444320377;34.11901092529297;45843100;0.0;0.0
2023-10-30 00:00:00-03:00;34.25379729721627;34.38857836714208;33.560633311873616;33.77243423461914;31346900;0.0;0.0
2023-10-31 00:00:00-03:00;33.70503932291138;33.868704670479296;33.20442498007791;33.445106506347656;36965200;0.0;0.0
2023-11-01 00:00:00-03:00;33.71466864729471;34.215286662736716;33.59914254296459;33.81093978881836;46335300;0.0;0.0
2023-11-03 00:00:00-03:00;34.45596777833161;34.55223891870769;33.74354885301939;34.21528625488281;30959700;0.0;0.0
2023-11-06 00:00:00-03:00;34.407831596632604;34.78329417893846;34.1864013671875;34.1864013671875;33583600;0.0;0.0
2023-11-07 00:00:00-03:00;33.7628033253116;34.09975598424344;33.36808577948779;33.61839294433594;48919900;0.0;0.0
2023-11-08 00:00:00-03:00;33.310323399876715;33.50286936483443;32.64604367690684;32.8963508605957;59742900;0.0;0.0
2023-11-09 00:00:00-03:00;33.21405044390148;33.839823877790025;33.0792693775276;33.57988739013672;56231100;0.0;0.0
2023-11-10 00:00:00-03:00;33.36808883706297;33.75318077327903;33.223678442854734;33.42585372924805;40004800;0.0;0.0
2023-11-13 00:00:00-03:00;33.38734362586675;34.417460326452165;33.37771430763201;34.35969543457031;44120000;0.0;0.0
2023-11-14 00:00:00-03:00;34.359694913914616;34.88919723353583;34.167152622243776;34.8314323425293;50888600;0.0;0.0
2023-11-16 00:00:00-03:00;34.63888709697779;35.12987949944758;34.17677897686491;34.22491455078125;72361200;0.0;0.0
2023-11-17 00:00:00-03:00;34.49447846758733;35.54384640746081;34.484849149831255;35.3416748046875;87666300;0.0;0.0
2023-11-20 00:00:00-03:00;35.39944030112924;35.832667794869295;34.91807723530889;35.37055969238281;67796900;0.0;0.0
2023-11-21 00:00:00-03:00;35.17801359202353;35.17801359202353;34.57149510319313;35.004722595214844;49597800;0.0;0.0
2023-11-22 00:00:00-03:00;34.900001525878906;35.15999984741211;34.25;35.15999984741211;58578300;1.355278;0.0
2023-11-23 00:00:00-03:00;35.130001068115234;35.25;34.810001373291016;35.16999816894531;24068100;0.0;0.0
2023-11-24 00:00:00-03:00;34.97999954223633;35.81999969482422;34.709999084472656;35.27000045776367;53456200;0.0;0.0
2023-11-27 00:00:00-03:00;35.0;35.400001525878906;34.75;35.06999969482422;36996000;0.0;0.0
2023-11-28 00:00:00-03:00;35.16999816894531;35.619998931884766;35.150001525878906;35.599998474121094;36875900;0.0;0.0
2023-11-29 00:00:00-03:00;35.900001525878906;36.029998779296875;34.939998626708984;35.22999954223633;37528600;0.0;0.0
2023-11-30 00:00:00-03:00;35.459999084472656;35.91999816894531;35.2400016784668;35.90999984741211;58808800;0.0;0.0
2023-12-01 00:00:00-03:00;35.720001220703125;36.0;35.529998779296875;35.66999816894531;36388100;0.0;0.0
2023-12-04 00:00:00-03:00;35.439998626708984;35.54999923706055;34.849998474121094;34.90999984741211;35601900;0.0;0.0
2023-12-05 00:00:00-03:00;34.91999816894531;35.16999816894531;34.68000030517578;34.75;43234200;0.0;0.0
2023-12-06 00:00:00-03:00;34.54999923706055;34.79999923706055;33.5;33.5;64179200;0.0;0.0
2023-12-07 00:00:00-03:00;33.650001525878906;34.18000030517578;33.040000915527344;33.41999816894531;64723900;0.0;0.0
2023-12-08 00:00:00-03:00;33.709999084472656;34.540000915527344;33.47999954223633;34.4900016784668;53290700;0.0;0.0
2023-12-11 00:00:00-03:00;34.459999084472656;34.689998626708984;34.2400016784668;34.36000061035156;30613300;0.0;0.0
2023-12-12 00:00:00-03:00;34.54999923706055;34.599998474121094;33.79999923706055;34.08000183105469;30371500;0.0;0.0
2023-12-13 00:00:00-03:00;34.209999084472656;34.619998931884766;34.13999938964844;34.56999969482422;38992900;0.0;0.0
2023-12-14 00:00:00-03:00;35.0;35.7400016784668;34.84000015258789;35.31999969482422;57950000;0.0;0.0
2023-12-15 00:00:00-03:00;35.279998779296875;35.790000915527344;35.0;35.400001525878906;56570100;0.0;0.0
2023-12-18 00:00:00-03:00;35.75;36.29999923706055;35.58000183105469;35.84000015258789;44474300;0.0;0.0
2023-12-19 00:00:00-03:00;35.959999084472656;36.25;35.810001373291016;36.25;32183000;0.0;0.0
2023-12-20 00:00:00-03:00;36.369998931884766;36.7400016784668;36.290000915527344;36.380001068115234;38947900;0.0;0.0
2023-12-21 00:00:00-03:00;36.66999816894531;36.68000030517578;36.06999969482422;36.38999938964844;30511900;0.0;0.0
2023-12-22 00:00:00-03:00;36.5;36.79999923706055;36.369998931884766;36.7400016784668;31234700;0.0;0.0
2023-12-26 00:00:00-03:00;36.86000061035156;37.369998931884766;36.83000183105469;37.33000183105469;23466800;0.0;0.0
2023-12-27 00:00:00-03:00;37.31999969482422;37.43000030517578;37.130001068115234;37.36000061035156;19588500;0.0;0.0
2023-12-28 00:00:00-03:00;37.22999954223633;37.36000061035156;37.040000915527344;37.2400016784668;21421900;0.0;0.0
